CASEID,age,AVWEIGHT,gfr,med.corrected,DLYDOSE,std_dose,max_dose,max_dosev2,renal_adjust,DDI,DDIv2
2402,18.027,96.7,33.78952712807485,LISINOPRIL,65,0.672182006204757,20,0.3,0.5,3.25,2.24060668734919
2402,18.027,96.7,33.78952712807485,VALSARTAN,320,3.309203722854188,160,2.7,1,2,1.2256310084645141
3815,9.002,33.5,46.20459473999006,LOSARTAN,200,5.970149253731344,1.4,100,1,4.2643923240938175,2
6457,8.128,24.9,51.24963167423538,ENALAPRIL,150,6.024096385542169,0.58,40,1,10.386373078520982,3.75
7079,17.273,98,48.48688068753607,AMLODIPINE,20,0.20408163265306123,10,0.6,1,2,0.34013605442176875
7090,10.996,57.4,37.379537935206145,LISINOPRIL,60,1.0452961672473868,0.3,20,0.5,3.4843205574912894,3
8721,9.978,28.6,34.11372759868753,AMLODIPINE,20,0.6993006993006993,10,0.6,1,2,1.1655011655011656
9954,16.977,64.3,30.852077525384846,LABETALOL,1600,24.883359253499222,12,1200,1,2.0736132711249353,1.3333333333333333
